0275f9967f6069e00bbf2d3108719ba7,Single,DC OPEN,CAN RE_PRINT,2016-01-06 14:13:25 UTC,admin
0275f9967f6069e00bbf2d3108719ba7,Single,DC OPEN,CAN RE_PRINT,2016-01-06 14:13:25 UTC,admin
0275f9967f6069e00bbf2d3108719ba7,Single,DC OPEN,CAN RE_PRINT,2016-01-06 14:13:25 UTC,admin
0275f9967f6069e00bbf2d3108719ba7,Single,DC OPEN,CAN RE_PRINT,2016-01-06 14:13:25 UTC,admin
0275f9967f6069e00bbf2d3108719ba7,Single,DC OPEN,CAN RE_PRINT,2016-01-06 14:13:25 UTC,admin
73410786c134de144cec52349fb918bb,Single,VOIDED,VOIDED,2015-11-23 09:15:57 UTC,
73410786c134de144cec52349fb93a5c,Single,VOIDED,VOIDED,2015-11-23 08:16:36 UTC,
79fbd679f7639ec68f9548cfdb3d6fa6,Single,PRINTED,APPROVED,2017-02-17 10:25:31 UTC,adr
80c32c5775b575b23dfd8de703ab8906,Single,PRINTED,APPROVED,2016-05-27 10:28:11 UTC,admin
930cebfca7ec5974669f950311c991ba,Single,VOIDED,VOIDED,2016-09-28 10:37:42 UTC,admin
c8c3f99d4314a3f5d160d4d2b4357bf0,Single,PRINTED,APPROVED,2016-04-19 08:15:22 UTC,admin
c91b48d3050598e344473035fc6d3ccd,Single,DC OPEN,CAN RE_PRINT,2016-04-08 06:40:59 UTC,admin
d5a342efd2c4457777754dadb01ce57f,Single,PRINTED,APPROVED,2016-10-08 12:16:48 UTC,admin
f296cf9f5039e8e8aa680aeea085c46c,Single,PRINTED,APPROVED,2016-12-09 11:21:45 UTC,bmnthambala
fac75b6783388605c3fedac4e114a285,Single,DC OPEN,CAN RE_PRINT,2016-05-10 09:56:22 UTC,admin
fdec7bb4947412dd2ae44876fca011ac,Single,PRINTED,APPROVED,2016-05-09 08:29:02 UTC,admin
